<?xml version="1.0" encoding="UTF-8" ?>
<feature
	id="org.eclipse.babel.nls_eclipse_zh"
	label="Babel Language Pack for eclipse in Chinese (Simplified) (86.67%)"
	image="eclipse_update_120.jpg"
	provider-name="%providerName"
	version="4.5.0.v20150804081228">
	<copyright>
		%copyright
	</copyright>
	<license url="%licenseURL">
		%license
	</license>
	<description>Babel Language Pack for eclipse in Chinese (Simplified)</description>
	<plugin fragment="true" id="org.eclipse.ant.core.nl_zh" unpack="false" version="4.5.0.v20150804081228" download-size="4913" install-size="4913" />
	<plugin fragment="true" id="org.eclipse.ant.launching.nl_zh" unpack="false" version="4.5.0.v20150804081228" download-size="8085" install-size="8085" />
	<plugin fragment="true" id="org.eclipse.ant.tests.core.nl_zh" unpack="false" version="4.5.0.v20150804081228" download-size="2035" install-size="2035" />
	<plugin fragment="true" id="org.eclipse.ant.tests.ui.nl_zh" unpack="false" version="4.5.0.v20150804081228" download-size="1421" install-size="1421" />
	<plugin fragment="true" id="org.eclipse.ant.ui.nl_zh" unpack="false" version="4.5.0.v20150804081228" download-size="23501" install-size="23501" />
	<plugin fragment="true" id="org.eclipse.compare.core.nl_zh" unpack="false" version="4.5.0.v20150804081228" download-size="2477" install-size="2477" />
	<plugin fragment="true" id="org.eclipse.compare.examples.nl_zh" unpack="false" version="4.5.0.v20150804081228" download-size="2397" install-size="2397" />
	<plugin fragment="true" id="org.eclipse.compare.examples.xml.nl_zh" unpack="false" version="4.5.0.v20150804081228" download-size="3615" install-size="3615" />
	<plugin fragment="true" id="org.eclipse.compare.nl_zh" unpack="false" version="4.5.0.v20150804081228" download-size="15217" install-size="15217" />
	<plugin fragment="true" id="org.eclipse.compare.win32.nl_zh" unpack="false" version="4.5.0.v20150804081228" download-size="3266" install-size="3266" />
	<plugin fragment="true" id="org.eclipse.core.commands.nl_zh" unpack="false" version="4.5.0.v20150804081228" download-size="1404" install-size="1404" />
	<plugin fragment="true" id="org.eclipse.core.databinding.beans.nl_zh" unpack="false" version="4.5.0.v20150804081228" download-size="1439" install-size="1439" />
	<plugin fragment="true" id="org.eclipse.core.databinding.nl_zh" unpack="false" version="4.5.0.v20150804081228" download-size="2824" install-size="2824" />
	<plugin fragment="true" id="org.eclipse.core.databinding.observable.nl_zh" unpack="false" version="4.5.0.v20150804081228" download-size="1437" install-size="1437" />
	<plugin fragment="true" id="org.eclipse.core.databinding.property.nl_zh" unpack="false" version="4.5.0.v20150804081228" download-size="1438" install-size="1438" />
	<plugin fragment="true" id="org.eclipse.core.externaltools.nl_zh" unpack="false" version="4.5.0.v20150804081228" download-size="4174" install-size="4174" />
	<plugin fragment="true" id="org.eclipse.core.filebuffers.nl_zh" unpack="false" version="4.5.0.v20150804081228" download-size="4156" install-size="4156" />
	<plugin fragment="true" id="org.eclipse.core.filesystem.aix.ppc.nl_zh" unpack="false" version="4.5.0.v20150804081228" download-size="1498" install-size="1498" />
	<plugin fragment="true" id="org.eclipse.core.filesystem.aix.ppc64.nl_zh" unpack="false" version="4.5.0.v20150804081228" download-size="1470" install-size="1470" />
	<plugin fragment="true" id="org.eclipse.core.filesystem.hpux.ia64.nl_zh" unpack="false" version="4.5.0.v20150804081228" download-size="1443" install-size="1443" />
	<plugin fragment="true" id="org.eclipse.core.filesystem.java7.nl_zh" unpack="false" version="4.5.0.v20150804081228" download-size="1402" install-size="1402" />
	<plugin fragment="true" id="org.eclipse.core.filesystem.linux.ppc.nl_zh" unpack="false" version="4.5.0.v20150804081228" download-size="1394" install-size="1394" />
	<plugin fragment="true" id="org.eclipse.core.filesystem.linux.ppc64.nl_zh" unpack="false" version="4.5.0.v20150804081228" download-size="1396" install-size="1396" />
	<plugin fragment="true" id="org.eclipse.core.filesystem.linux.ppc64le.nl_zh" unpack="false" version="4.5.0.v20150804081228" download-size="1400" install-size="1400" />
	<plugin fragment="true" id="org.eclipse.core.filesystem.linux.x86.nl_zh" unpack="false" version="4.5.0.v20150804081228" download-size="1479" install-size="1479" />
	<plugin fragment="true" id="org.eclipse.core.filesystem.linux.x86_64.nl_zh" unpack="false" version="4.5.0.v20150804081228" download-size="1482" install-size="1482" />
	<plugin fragment="true" id="org.eclipse.core.filesystem.macosx.nl_zh" unpack="false" version="4.5.0.v20150804081228" download-size="1465" install-size="1465" />
	<plugin fragment="true" id="org.eclipse.core.filesystem.nl_zh" unpack="false" version="4.5.0.v20150804081228" download-size="3000" install-size="3000" />
	<plugin fragment="true" id="org.eclipse.core.filesystem.solaris.sparc.nl_zh" unpack="false" version="4.5.0.v20150804081228" download-size="1489" install-size="1489" />
	<plugin fragment="true" id="org.eclipse.core.filesystem.solaris.sparcv9.nl_zh" unpack="false" version="4.5.0.v20150804081228" download-size="1474" install-size="1474" />
	<plugin fragment="true" id="org.eclipse.core.filesystem.win32.ia64.nl_zh" unpack="false" version="4.5.0.v20150804081228" download-size="1396" install-size="1396" />
	<plugin fragment="true" id="org.eclipse.core.filesystem.win32.x86.nl_zh" unpack="false" version="4.5.0.v20150804081228" download-size="1485" install-size="1485" />
	<plugin fragment="true" id="org.eclipse.core.filesystem.win32.x86_64.nl_zh" unpack="false" version="4.5.0.v20150804081228" download-size="1495" install-size="1495" />
	<plugin fragment="true" id="org.eclipse.core.net.linux.x86.nl_zh" unpack="false" version="4.5.0.v20150804081228" download-size="1475" install-size="1475" />
	<plugin fragment="true" id="org.eclipse.core.net.linux.x86_64.nl_zh" unpack="false" version="4.5.0.v20150804081228" download-size="1484" install-size="1484" />
	<plugin fragment="true" id="org.eclipse.core.net.nl_zh" unpack="false" version="4.5.0.v20150804081228" download-size="2315" install-size="2315" />
	<plugin fragment="true" id="org.eclipse.core.net.win32.x86.nl_zh" unpack="false" version="4.5.0.v20150804081228" download-size="1476" install-size="1476" />
	<plugin fragment="true" id="org.eclipse.core.net.win32.x86_64.nl_zh" unpack="false" version="4.5.0.v20150804081228" download-size="1480" install-size="1480" />
	<plugin fragment="true" id="org.eclipse.core.resources.nl_zh" unpack="false" version="4.5.0.v20150804081228" download-size="10199" install-size="10199" />
	<plugin fragment="true" id="org.eclipse.core.variables.nl_zh" unpack="false" version="4.5.0.v20150804081228" download-size="2585" install-size="2585" />
	<plugin fragment="true" id="org.eclipse.debug.core.nl_zh" unpack="false" version="4.5.0.v20150804081228" download-size="7661" install-size="7661" />
	<plugin fragment="true" id="org.eclipse.debug.examples.core.nl_zh" unpack="false" version="4.5.0.v20150804081228" download-size="1910" install-size="1910" />
	<plugin fragment="true" id="org.eclipse.debug.examples.memory.nl_zh" unpack="false" version="4.5.0.v20150804081228" download-size="2639" install-size="2639" />
	<plugin fragment="true" id="org.eclipse.debug.examples.mixedmode.nl_zh" unpack="false" version="4.5.0.v20150804081228" download-size="1619" install-size="1619" />
	<plugin fragment="true" id="org.eclipse.debug.examples.ui.nl_zh" unpack="false" version="4.5.0.v20150804081228" download-size="3267" install-size="3267" />
	<plugin fragment="true" id="org.eclipse.debug.ui.nl_zh" unpack="false" version="4.5.0.v20150804081228" download-size="36189" install-size="36189" />
	<plugin fragment="true" id="org.eclipse.e4.core.commands.nl_zh" unpack="false" version="4.5.0.v20150804081228" download-size="1424" install-size="1424" />
	<plugin fragment="true" id="org.eclipse.e4.demo.contacts.nl_zh" unpack="false" version="4.5.0.v20150804081228" download-size="1693" install-size="1693" />
	<plugin fragment="true" id="org.eclipse.e4.demo.cssbridge.nl_zh" unpack="false" version="4.5.0.v20150804081228" download-size="1434" install-size="1434" />
	<plugin fragment="true" id="org.eclipse.e4.emf.xpath.nl_zh" unpack="false" version="4.5.0.v20150804081228" download-size="1641" install-size="1641" />
	<plugin fragment="true" id="org.eclipse.e4.ui.bindings.nl_zh" unpack="false" version="4.5.0.v20150804081228" download-size="1421" install-size="1421" />
	<plugin fragment="true" id="org.eclipse.e4.ui.css.core.nl_zh" unpack="false" version="4.5.0.v20150804081228" download-size="1496" install-size="1496" />
	<plugin fragment="true" id="org.eclipse.e4.ui.css.swt.nl_zh" unpack="false" version="4.5.0.v20150804081228" download-size="1419" install-size="1419" />
	<plugin fragment="true" id="org.eclipse.e4.ui.css.swt.theme.nl_zh" unpack="false" version="4.5.0.v20150804081228" download-size="1452" install-size="1452" />
	<plugin fragment="true" id="org.eclipse.e4.ui.di.nl_zh" unpack="false" version="4.5.0.v20150804081228" download-size="1425" install-size="1425" />
	<plugin fragment="true" id="org.eclipse.e4.ui.dialogs.nl_zh" unpack="false" version="4.5.0.v20150804081228" download-size="2483" install-size="2483" />
	<plugin fragment="true" id="org.eclipse.e4.ui.menu.tests.p3.nl_zh" unpack="false" version="4.5.0.v20150804081228" download-size="1611" install-size="1611" />
	<plugin fragment="true" id="org.eclipse.e4.ui.model.workbench.nl_zh" unpack="false" version="4.5.0.v20150804081228" download-size="1492" install-size="1492" />
	<plugin fragment="true" id="org.eclipse.e4.ui.progress.nl_zh" unpack="false" version="4.5.0.v20150804081228" download-size="3870" install-size="3870" />
	<plugin fragment="true" id="org.eclipse.e4.ui.services.nl_zh" unpack="false" version="4.5.0.v20150804081228" download-size="2529" install-size="2529" />
	<plugin fragment="true" id="org.eclipse.e4.ui.swt.gtk.nl_zh" unpack="false" version="4.5.0.v20150804081228" download-size="1396" install-size="1396" />
	<plugin fragment="true" id="org.eclipse.e4.ui.widgets.nl_zh" unpack="false" version="4.5.0.v20150804081228" download-size="1435" install-size="1435" />
	<plugin fragment="true" id="org.eclipse.e4.ui.workbench.addons.swt.nl_zh" unpack="false" version="4.5.0.v20150804081228" download-size="2834" install-size="2834" />
	<plugin fragment="true" id="org.eclipse.e4.ui.workbench.nl_zh" unpack="false" version="4.5.0.v20150804081228" download-size="1481" install-size="1481" />
	<plugin fragment="true" id="org.eclipse.e4.ui.workbench.renderers.swt.cocoa.nl_zh" unpack="false" version="4.5.0.v20150804081228" download-size="3135" install-size="3135" />
	<plugin fragment="true" id="org.eclipse.e4.ui.workbench.renderers.swt.nl_zh" unpack="false" version="4.5.0.v20150804081228" download-size="3678" install-size="3678" />
	<plugin fragment="true" id="org.eclipse.e4.ui.workbench.swt.nl_zh" unpack="false" version="4.5.0.v20150804081228" download-size="3550" install-size="3550" />
	<plugin fragment="true" id="org.eclipse.e4.ui.workbench3.nl_zh" unpack="false" version="4.5.0.v20150804081228" download-size="1385" install-size="1385" />
	<plugin fragment="true" id="org.eclipse.equinox.frameworkadmin.equinox.nl_zh" unpack="false" version="4.5.0.v20150804081228" download-size="3503" install-size="3503" />
	<plugin fragment="true" id="org.eclipse.equinox.frameworkadmin.nl_zh" unpack="false" version="4.5.0.v20150804081228" download-size="1424" install-size="1424" />
	<plugin fragment="true" id="org.eclipse.equinox.launcher.cocoa.macosx.x86_64.nl_zh" unpack="false" version="4.5.0.v20150804081228" download-size="1539" install-size="1539" />
	<plugin fragment="true" id="org.eclipse.equinox.launcher.gtk.aix.ppc.nl_zh" unpack="false" version="4.5.0.v20150804081228" download-size="1462" install-size="1462" />
	<plugin fragment="true" id="org.eclipse.equinox.launcher.gtk.aix.ppc64.nl_zh" unpack="false" version="4.5.0.v20150804081228" download-size="1469" install-size="1469" />
	<plugin fragment="true" id="org.eclipse.equinox.launcher.gtk.hpux.ia64.nl_zh" unpack="false" version="4.5.0.v20150804081228" download-size="1426" install-size="1426" />
	<plugin fragment="true" id="org.eclipse.equinox.launcher.gtk.hpux.ia64_32.nl_zh" unpack="false" version="4.5.0.v20150804081228" download-size="1477" install-size="1477" />
	<plugin fragment="true" id="org.eclipse.equinox.launcher.gtk.linux.ppc.nl_zh" unpack="false" version="4.5.0.v20150804081228" download-size="1473" install-size="1473" />
	<plugin fragment="true" id="org.eclipse.equinox.launcher.gtk.linux.ppc64.nl_zh" unpack="false" version="4.5.0.v20150804081228" download-size="1474" install-size="1474" />
	<plugin fragment="true" id="org.eclipse.equinox.launcher.gtk.linux.ppc64le.nl_zh" unpack="false" version="4.5.0.v20150804081228" download-size="1437" install-size="1437" />
	<plugin fragment="true" id="org.eclipse.equinox.launcher.gtk.linux.s390.nl_zh" unpack="false" version="4.5.0.v20150804081228" download-size="1526" install-size="1526" />
	<plugin fragment="true" id="org.eclipse.equinox.launcher.gtk.linux.s390x.nl_zh" unpack="false" version="4.5.0.v20150804081228" download-size="1528" install-size="1528" />
	<plugin fragment="true" id="org.eclipse.equinox.launcher.gtk.linux.x86.nl_zh" unpack="false" version="4.5.0.v20150804081228" download-size="1519" install-size="1519" />
	<plugin fragment="true" id="org.eclipse.equinox.launcher.gtk.linux.x86_64.nl_zh" unpack="false" version="4.5.0.v20150804081228" download-size="1529" install-size="1529" />
	<plugin fragment="true" id="org.eclipse.equinox.launcher.gtk.solaris.sparc.nl_zh" unpack="false" version="4.5.0.v20150804081228" download-size="1478" install-size="1478" />
	<plugin fragment="true" id="org.eclipse.equinox.launcher.gtk.solaris.x86.nl_zh" unpack="false" version="4.5.0.v20150804081228" download-size="1528" install-size="1528" />
	<plugin fragment="true" id="org.eclipse.equinox.launcher.nl_zh" unpack="false" version="4.5.0.v20150804081228" download-size="1421" install-size="1421" />
	<plugin fragment="true" id="org.eclipse.equinox.launcher.win32.win32.ia64.nl_zh" unpack="false" version="4.5.0.v20150804081228" download-size="1484" install-size="1484" />
	<plugin fragment="true" id="org.eclipse.equinox.launcher.win32.win32.x86.nl_zh" unpack="false" version="4.5.0.v20150804081228" download-size="1520" install-size="1520" />
	<plugin fragment="true" id="org.eclipse.equinox.launcher.win32.win32.x86_64.nl_zh" unpack="false" version="4.5.0.v20150804081228" download-size="1532" install-size="1532" />
	<plugin fragment="true" id="org.eclipse.equinox.launcher.wpf.win32.x86.nl_zh" unpack="false" version="4.5.0.v20150804081228" download-size="1517" install-size="1517" />
	<plugin fragment="true" id="org.eclipse.equinox.p2.artifact.optimizers.nl_zh" unpack="false" version="4.5.0.v20150804081228" download-size="2918" install-size="2918" />
	<plugin fragment="true" id="org.eclipse.equinox.p2.artifact.processors.nl_zh" unpack="false" version="4.5.0.v20150804081228" download-size="1393" install-size="1393" />
	<plugin fragment="true" id="org.eclipse.equinox.p2.artifact.repository.nl_zh" unpack="false" version="4.5.0.v20150804081228" download-size="5945" install-size="5945" />
	<plugin fragment="true" id="org.eclipse.equinox.p2.console.nl_zh" unpack="false" version="4.5.0.v20150804081228" download-size="2438" install-size="2438" />
	<plugin fragment="true" id="org.eclipse.equinox.p2.core.nl_zh" unpack="false" version="4.5.0.v20150804081228" download-size="2658" install-size="2658" />
	<plugin fragment="true" id="org.eclipse.equinox.p2.director.app.nl_zh" unpack="false" version="4.5.0.v20150804081228" download-size="2966" install-size="2966" />
	<plugin fragment="true" id="org.eclipse.equinox.p2.director.nl_zh" unpack="false" version="4.5.0.v20150804081228" download-size="2651" install-size="2651" />
	<plugin fragment="true" id="org.eclipse.equinox.p2.directorywatcher.nl_zh" unpack="false" version="4.5.0.v20150804081228" download-size="2993" install-size="2993" />
	<plugin fragment="true" id="org.eclipse.equinox.p2.discovery.compatibility.nl_zh" unpack="false" version="4.5.0.v20150804081228" download-size="2927" install-size="2927" />
	<plugin fragment="true" id="org.eclipse.equinox.p2.discovery.nl_zh" unpack="false" version="4.5.0.v20150804081228" download-size="3532" install-size="3532" />
	<plugin fragment="true" id="org.eclipse.equinox.p2.engine.nl_zh" unpack="false" version="4.5.0.v20150804081228" download-size="2592" install-size="2592" />
	<plugin fragment="true" id="org.eclipse.equinox.p2.examples.rcp.cloud.nl_zh" unpack="false" version="4.5.0.v20150804081228" download-size="1493" install-size="1493" />
	<plugin fragment="true" id="org.eclipse.equinox.p2.examples.rcp.discovery.nl_zh" unpack="false" version="4.5.0.v20150804081228" download-size="1497" install-size="1497" />
	<plugin fragment="true" id="org.eclipse.equinox.p2.examples.rcp.sdkbundlevisibility.nl_zh" unpack="false" version="4.5.0.v20150804081228" download-size="3276" install-size="3276" />
	<plugin fragment="true" id="org.eclipse.equinox.p2.extensionlocation.nl_zh" unpack="false" version="4.5.0.v20150804081228" download-size="2745" install-size="2745" />
	<plugin fragment="true" id="org.eclipse.equinox.p2.garbagecollector.nl_zh" unpack="false" version="4.5.0.v20150804081228" download-size="2508" install-size="2508" />
	<plugin fragment="true" id="org.eclipse.equinox.p2.installer.nl_zh" unpack="false" version="4.5.0.v20150804081228" download-size="2960" install-size="2960" />
	<plugin fragment="true" id="org.eclipse.equinox.p2.jarprocessor.nl_zh" unpack="false" version="4.5.0.v20150804081228" download-size="1386" install-size="1386" />
	<plugin fragment="true" id="org.eclipse.equinox.p2.metadata.nl_zh" unpack="false" version="4.5.0.v20150804081228" download-size="2441" install-size="2441" />
	<plugin fragment="true" id="org.eclipse.equinox.p2.metadata.repository.nl_zh" unpack="false" version="4.5.0.v20150804081228" download-size="2909" install-size="2909" />
	<plugin fragment="true" id="org.eclipse.equinox.p2.operations.nl_zh" unpack="false" version="4.5.0.v20150804081228" download-size="2900" install-size="2900" />
	<plugin fragment="true" id="org.eclipse.equinox.p2.publisher.eclipse.nl_zh" unpack="false" version="4.5.0.v20150804081228" download-size="3587" install-size="3587" />
	<plugin fragment="true" id="org.eclipse.equinox.p2.publisher.nl_zh" unpack="false" version="4.5.0.v20150804081228" download-size="2477" install-size="2477" />
	<plugin fragment="true" id="org.eclipse.equinox.p2.reconciler.dropins.nl_zh" unpack="false" version="4.5.0.v20150804081228" download-size="2990" install-size="2990" />
	<plugin fragment="true" id="org.eclipse.equinox.p2.repository.nl_zh" unpack="false" version="4.5.0.v20150804081228" download-size="4856" install-size="4856" />
	<plugin fragment="true" id="org.eclipse.equinox.p2.repository.tools.nl_zh" unpack="false" version="4.5.0.v20150804081228" download-size="4701" install-size="4701" />
	<plugin fragment="true" id="org.eclipse.equinox.p2.tests.discovery.nl_zh" unpack="false" version="4.5.0.v20150804081228" download-size="1481" install-size="1481" />
	<plugin fragment="true" id="org.eclipse.equinox.p2.tests.ui.nl_zh" unpack="false" version="4.5.0.v20150804081228" download-size="1382" install-size="1382" />
	<plugin fragment="true" id="org.eclipse.equinox.p2.tests.verifier.nl_zh" unpack="false" version="4.5.0.v20150804081228" download-size="4787" install-size="4787" />
	<plugin fragment="true" id="org.eclipse.equinox.p2.touchpoint.eclipse.nl_zh" unpack="false" version="4.5.0.v20150804081228" download-size="3953" install-size="3953" />
	<plugin fragment="true" id="org.eclipse.equinox.p2.touchpoint.natives.nl_zh" unpack="false" version="4.5.0.v20150804081228" download-size="3243" install-size="3243" />
	<plugin fragment="true" id="org.eclipse.equinox.p2.transport.ecf.nl_zh" unpack="false" version="4.5.0.v20150804081228" download-size="3555" install-size="3555" />
	<plugin fragment="true" id="org.eclipse.equinox.p2.ui.admin.nl_zh" unpack="false" version="4.5.0.v20150804081228" download-size="2931" install-size="2931" />
	<plugin fragment="true" id="org.eclipse.equinox.p2.ui.admin.rcp.nl_zh" unpack="false" version="4.5.0.v20150804081228" download-size="3007" install-size="3007" />
	<plugin fragment="true" id="org.eclipse.equinox.p2.ui.discovery.nl_zh" unpack="false" version="4.5.0.v20150804081228" download-size="4710" install-size="4710" />
	<plugin fragment="true" id="org.eclipse.equinox.p2.ui.importexport.nl_zh" unpack="false" version="4.5.0.v20150804081228" download-size="3146" install-size="3146" />
	<plugin fragment="true" id="org.eclipse.equinox.p2.ui.nl_zh" unpack="false" version="4.5.0.v20150804081228" download-size="4530" install-size="4530" />
	<plugin fragment="true" id="org.eclipse.equinox.p2.ui.sdk.nl_zh" unpack="false" version="4.5.0.v20150804081228" download-size="3186" install-size="3186" />
	<plugin fragment="true" id="org.eclipse.equinox.p2.ui.sdk.scheduler.nl_zh" unpack="false" version="4.5.0.v20150804081228" download-size="4666" install-size="4666" />
	<plugin fragment="true" id="org.eclipse.equinox.p2.updatechecker.nl_zh" unpack="false" version="4.5.0.v20150804081228" download-size="1385" install-size="1385" />
	<plugin fragment="true" id="org.eclipse.equinox.p2.updatesite.nl_zh" unpack="false" version="4.5.0.v20150804081228" download-size="2903" install-size="2903" />
	<plugin fragment="true" id="org.eclipse.equinox.simpleconfigurator.manipulator.nl_zh" unpack="false" version="4.5.0.v20150804081228" download-size="1447" install-size="1447" />
	<plugin fragment="true" id="org.eclipse.equinox.simpleconfigurator.nl_zh" unpack="false" version="4.5.0.v20150804081228" download-size="1427" install-size="1427" />
	<plugin fragment="true" id="org.eclipse.help.base.nl_zh" unpack="false" version="4.5.0.v20150804081228" download-size="3907" install-size="3907" />
	<plugin fragment="true" id="org.eclipse.help.nl_zh" unpack="false" version="4.5.0.v20150804081228" download-size="1554" install-size="1554" />
	<plugin fragment="true" id="org.eclipse.help.ui.nl_zh" unpack="false" version="4.5.0.v20150804081228" download-size="6476" install-size="6476" />
	<plugin fragment="true" id="org.eclipse.help.webapp.nl_zh" unpack="false" version="4.5.0.v20150804081228" download-size="4842" install-size="4842" />
	<plugin fragment="true" id="org.eclipse.jdt.annotation.nl_zh" unpack="false" version="4.5.0.v20150804081228" download-size="1383" install-size="1383" />
	<plugin fragment="true" id="org.eclipse.jdt.annotation_v1.nl_zh" unpack="false" version="4.5.0.v20150804081228" download-size="1385" install-size="1385" />
	<plugin fragment="true" id="org.eclipse.jdt.apt.core.nl_zh" unpack="false" version="4.5.0.v20150804081228" download-size="3933" install-size="3933" />
	<plugin fragment="true" id="org.eclipse.jdt.apt.pluggable.core.nl_zh" unpack="false" version="4.5.0.v20150804081228" download-size="1480" install-size="1480" />
	<plugin fragment="true" id="org.eclipse.jdt.apt.ui.nl_zh" unpack="false" version="4.5.0.v20150804081228" download-size="4759" install-size="4759" />
	<plugin fragment="true" id="org.eclipse.jdt.astview.nl_zh" unpack="false" version="4.5.0.v20150804081228" download-size="1383" install-size="1383" />
	<plugin fragment="true" id="org.eclipse.jdt.compiler.apt.nl_zh" unpack="false" version="4.5.0.v20150804081228" download-size="1415" install-size="1415" />
	<plugin fragment="true" id="org.eclipse.jdt.compiler.tool.nl_zh" unpack="false" version="4.5.0.v20150804081228" download-size="1460" install-size="1460" />
	<plugin fragment="true" id="org.eclipse.jdt.core.manipulation.nl_zh" unpack="false" version="4.5.0.v20150804081228" download-size="4260" install-size="4260" />
	<plugin fragment="true" id="org.eclipse.jdt.core.nl_zh" unpack="false" version="4.5.0.v20150804081228" download-size="24545" install-size="24545" />
	<plugin fragment="true" id="org.eclipse.jdt.core.tests.builder.nl_zh" unpack="false" version="4.5.0.v20150804081228" download-size="1426" install-size="1426" />
	<plugin fragment="true" id="org.eclipse.jdt.core.tests.compiler.nl_zh" unpack="false" version="4.5.0.v20150804081228" download-size="1428" install-size="1428" />
	<plugin fragment="true" id="org.eclipse.jdt.core.tests.model.nl_zh" unpack="false" version="4.5.0.v20150804081228" download-size="11295" install-size="11295" />
	<plugin fragment="true" id="org.eclipse.jdt.core.tests.performance.nl_zh" unpack="false" version="4.5.0.v20150804081228" download-size="1438" install-size="1438" />
	<plugin fragment="true" id="org.eclipse.jdt.debug.nl_zh" unpack="false" version="4.5.0.v20150804081228" download-size="22879" install-size="22879" />
	<plugin fragment="true" id="org.eclipse.jdt.debug.ui.nl_zh" unpack="false" version="4.5.0.v20150804081228" download-size="32204" install-size="32204" />
	<plugin fragment="true" id="org.eclipse.jdt.jeview.nl_zh" unpack="false" version="4.5.0.v20150804081228" download-size="1382" install-size="1382" />
	<plugin fragment="true" id="org.eclipse.jdt.junit.core.nl_zh" unpack="false" version="4.5.0.v20150804081228" download-size="4387" install-size="4387" />
	<plugin fragment="true" id="org.eclipse.jdt.junit.nl_zh" unpack="false" version="4.5.0.v20150804081228" download-size="10170" install-size="10170" />
	<plugin fragment="true" id="org.eclipse.jdt.junit.runtime.nl_zh" unpack="false" version="4.5.0.v20150804081228" download-size="3007" install-size="3007" />
	<plugin fragment="true" id="org.eclipse.jdt.junit4.runtime.nl_zh" unpack="false" version="4.5.0.v20150804081228" download-size="1446" install-size="1446" />
	<plugin fragment="true" id="org.eclipse.jdt.launching.macosx.nl_zh" unpack="false" version="4.5.0.v20150804081228" download-size="2577" install-size="2577" />
	<plugin fragment="true" id="org.eclipse.jdt.launching.nl_zh" unpack="false" version="4.5.0.v20150804081228" download-size="7650" install-size="7650" />
	<plugin fragment="true" id="org.eclipse.jdt.launching.ui.macosx.nl_zh" unpack="false" version="4.5.0.v20150804081228" download-size="3303" install-size="3303" />
	<plugin fragment="true" id="org.eclipse.jdt.nl_zh" unpack="false" version="4.5.0.v20150804081228" download-size="2658" install-size="2658" />
	<plugin fragment="true" id="org.eclipse.jdt.ui.examples.javafamily.nl_zh" unpack="false" version="4.5.0.v20150804081228" download-size="2900" install-size="2900" />
	<plugin fragment="true" id="org.eclipse.jdt.ui.examples.projects.nl_zh" unpack="false" version="4.5.0.v20150804081228" download-size="2832" install-size="2832" />
	<plugin fragment="true" id="org.eclipse.jdt.ui.nl_zh" unpack="false" version="4.5.0.v20150804081228" download-size="175491" install-size="175491" />
	<plugin fragment="true" id="org.eclipse.jdt.ui.tests.refactoring.nl_zh" unpack="false" version="4.5.0.v20150804081228" download-size="1434" install-size="1434" />
	<plugin fragment="true" id="org.eclipse.jface.databinding.nl_zh" unpack="false" version="4.5.0.v20150804081228" download-size="1450" install-size="1450" />
	<plugin fragment="true" id="org.eclipse.jface.examples.databinding.nl_zh" unpack="false" version="4.5.0.v20150804081228" download-size="1439" install-size="1439" />
	<plugin fragment="true" id="org.eclipse.jface.nl_zh" unpack="false" version="4.5.0.v20150804081228" download-size="5689" install-size="5689" />
	<plugin fragment="true" id="org.eclipse.jface.tests.databinding.conformance.nl_zh" unpack="false" version="4.5.0.v20150804081228" download-size="1467" install-size="1467" />
	<plugin fragment="true" id="org.eclipse.jface.tests.databinding.nl_zh" unpack="false" version="4.5.0.v20150804081228" download-size="1437" install-size="1437" />
	<plugin fragment="true" id="org.eclipse.jface.text.nl_zh" unpack="false" version="4.5.0.v20150804081228" download-size="12755" install-size="12755" />
	<plugin fragment="true" id="org.eclipse.jsch.core.nl_zh" unpack="false" version="4.5.0.v20150804081228" download-size="2552" install-size="2552" />
	<plugin fragment="true" id="org.eclipse.jsch.ui.nl_zh" unpack="false" version="4.5.0.v20150804081228" download-size="4136" install-size="4136" />
	<plugin fragment="true" id="org.eclipse.ltk.core.refactoring.nl_zh" unpack="false" version="4.5.0.v20150804081228" download-size="5696" install-size="5696" />
	<plugin fragment="true" id="org.eclipse.ltk.ui.refactoring.nl_zh" unpack="false" version="4.5.0.v20150804081228" download-size="8400" install-size="8400" />
	<plugin fragment="true" id="org.eclipse.newMultiEditor.nl_zh" unpack="false" version="4.5.0.v20150804081228" download-size="1432" install-size="1432" />
	<plugin fragment="true" id="org.eclipse.osgi.compatibility.plugins.nl_zh" unpack="false" version="4.5.0.v20150804081228" download-size="3027" install-size="3027" />
	<plugin fragment="true" id="org.eclipse.osgi.compatibility.state.nl_zh" unpack="false" version="4.5.0.v20150804081228" download-size="3157" install-size="3157" />
	<plugin fragment="true" id="org.eclipse.osgi.nl_zh" unpack="false" version="4.5.0.v20150804081228" download-size="6213" install-size="6213" />
	<plugin fragment="true" id="org.eclipse.osgi.services.nl_zh" unpack="false" version="4.5.0.v20150804081228" download-size="1452" install-size="1452" />
	<plugin fragment="true" id="org.eclipse.osgi.util.nl_zh" unpack="false" version="4.5.0.v20150804081228" download-size="1448" install-size="1448" />
	<plugin fragment="true" id="org.eclipse.pde.api.tools.annotations.nl_zh" unpack="false" version="4.5.0.v20150804081228" download-size="1620" install-size="1620" />
	<plugin fragment="true" id="org.eclipse.pde.api.tools.ee.cdcfoundation10.nl_zh" unpack="false" version="4.5.0.v20150804081228" download-size="1491" install-size="1491" />
	<plugin fragment="true" id="org.eclipse.pde.api.tools.ee.cdcfoundation11.nl_zh" unpack="false" version="4.5.0.v20150804081228" download-size="1491" install-size="1491" />
	<plugin fragment="true" id="org.eclipse.pde.api.tools.ee.j2se12.nl_zh" unpack="false" version="4.5.0.v20150804081228" download-size="1455" install-size="1455" />
	<plugin fragment="true" id="org.eclipse.pde.api.tools.ee.j2se13.nl_zh" unpack="false" version="4.5.0.v20150804081228" download-size="1455" install-size="1455" />
	<plugin fragment="true" id="org.eclipse.pde.api.tools.ee.j2se14.nl_zh" unpack="false" version="4.5.0.v20150804081228" download-size="1455" install-size="1455" />
	<plugin fragment="true" id="org.eclipse.pde.api.tools.ee.j2se15.nl_zh" unpack="false" version="4.5.0.v20150804081228" download-size="1454" install-size="1454" />
	<plugin fragment="true" id="org.eclipse.pde.api.tools.ee.javase16.nl_zh" unpack="false" version="4.5.0.v20150804081228" download-size="1462" install-size="1462" />
	<plugin fragment="true" id="org.eclipse.pde.api.tools.ee.javase17.nl_zh" unpack="false" version="4.5.0.v20150804081228" download-size="1462" install-size="1462" />
	<plugin fragment="true" id="org.eclipse.pde.api.tools.ee.javase18.nl_zh" unpack="false" version="4.5.0.v20150804081228" download-size="1618" install-size="1618" />
	<plugin fragment="true" id="org.eclipse.pde.api.tools.ee.jre11.nl_zh" unpack="false" version="4.5.0.v20150804081228" download-size="1401" install-size="1401" />
	<plugin fragment="true" id="org.eclipse.pde.api.tools.ee.osgiminimum10.nl_zh" unpack="false" version="4.5.0.v20150804081228" download-size="1423" install-size="1423" />
	<plugin fragment="true" id="org.eclipse.pde.api.tools.ee.osgiminimum11.nl_zh" unpack="false" version="4.5.0.v20150804081228" download-size="1423" install-size="1423" />
	<plugin fragment="true" id="org.eclipse.pde.api.tools.ee.osgiminimum12.nl_zh" unpack="false" version="4.5.0.v20150804081228" download-size="1423" install-size="1423" />
	<plugin fragment="true" id="org.eclipse.pde.api.tools.generator.nl_zh" unpack="false" version="4.5.0.v20150804081228" download-size="1833" install-size="1833" />
	<plugin fragment="true" id="org.eclipse.pde.api.tools.nl_zh" unpack="false" version="4.5.0.v20150804081228" download-size="14633" install-size="14633" />
	<plugin fragment="true" id="org.eclipse.pde.api.tools.ui.nl_zh" unpack="false" version="4.5.0.v20150804081228" download-size="13000" install-size="13000" />
	<plugin fragment="true" id="org.eclipse.pde.core.nl_zh" unpack="false" version="4.5.0.v20150804081228" download-size="9315" install-size="9315" />
	<plugin fragment="true" id="org.eclipse.pde.ds.core.nl_zh" unpack="false" version="4.5.0.v20150804081228" download-size="2751" install-size="2751" />
	<plugin fragment="true" id="org.eclipse.pde.ds.ui.nl_zh" unpack="false" version="4.5.0.v20150804081228" download-size="3154" install-size="3154" />
	<plugin fragment="true" id="org.eclipse.pde.junit.runtime.nl_zh" unpack="false" version="4.5.0.v20150804081228" download-size="1426" install-size="1426" />
	<plugin fragment="true" id="org.eclipse.pde.launching.nl_zh" unpack="false" version="4.5.0.v20150804081228" download-size="3316" install-size="3316" />
	<plugin fragment="true" id="org.eclipse.pde.nl_zh" unpack="false" version="4.5.0.v20150804081228" download-size="3314" install-size="3314" />
	<plugin fragment="true" id="org.eclipse.pde.runtime.nl_zh" unpack="false" version="4.5.0.v20150804081228" download-size="3672" install-size="3672" />
	<plugin fragment="true" id="org.eclipse.pde.ua.core.nl_zh" unpack="false" version="4.5.0.v20150804081228" download-size="1486" install-size="1486" />
	<plugin fragment="true" id="org.eclipse.pde.ua.ui.nl_zh" unpack="false" version="4.5.0.v20150804081228" download-size="16108" install-size="16108" />
	<plugin fragment="true" id="org.eclipse.pde.ui.nl_zh" unpack="false" version="4.5.0.v20150804081228" download-size="41061" install-size="41061" />
	<plugin fragment="true" id="org.eclipse.pde.ui.templates.nl_zh" unpack="false" version="4.5.0.v20150804081228" download-size="9918" install-size="9918" />
	<plugin fragment="true" id="org.eclipse.platform.nl_zh" unpack="false" version="4.5.0.v20150804081228" download-size="3950" install-size="3950" />
	<plugin fragment="true" id="org.eclipse.sdk.nl_zh" unpack="false" version="4.5.0.v20150804081228" download-size="2735" install-size="2735" />
	<plugin fragment="true" id="org.eclipse.search.nl_zh" unpack="false" version="4.5.0.v20150804081228" download-size="9038" install-size="9038" />
	<plugin fragment="true" id="org.eclipse.swt.cocoa.macosx.x86_64.nl_zh" unpack="false" version="4.5.0.v20150804081228" download-size="1442" install-size="1442" />
	<plugin fragment="true" id="org.eclipse.swt.examples.browser.demos.nl_zh" unpack="false" version="4.5.0.v20150804081228" download-size="2157" install-size="2157" />
	<plugin fragment="true" id="org.eclipse.swt.examples.launcher.nl_zh" unpack="false" version="4.5.0.v20150804081228" download-size="2234" install-size="2234" />
	<plugin fragment="true" id="org.eclipse.swt.examples.nl_zh" unpack="false" version="4.5.0.v20150804081228" download-size="19841" install-size="19841" />
	<plugin fragment="true" id="org.eclipse.swt.examples.ole.win32.nl_zh" unpack="false" version="4.5.0.v20150804081228" download-size="2421" install-size="2421" />
	<plugin fragment="true" id="org.eclipse.swt.examples.views.nl_zh" unpack="false" version="4.5.0.v20150804081228" download-size="2500" install-size="2500" />
	<plugin fragment="true" id="org.eclipse.swt.examples.watchdog.nl_zh" unpack="false" version="4.5.0.v20150804081228" download-size="1621" install-size="1621" />
	<plugin fragment="true" id="org.eclipse.swt.fragments.localbuild.nl_zh" unpack="false" version="4.5.0.v20150804081228" download-size="1387" install-size="1387" />
	<plugin fragment="true" id="org.eclipse.swt.gtk.aix.ppc.nl_zh" unpack="false" version="4.5.0.v20150804081228" download-size="1478" install-size="1478" />
	<plugin fragment="true" id="org.eclipse.swt.gtk.aix.ppc64.nl_zh" unpack="false" version="4.5.0.v20150804081228" download-size="1481" install-size="1481" />
	<plugin fragment="true" id="org.eclipse.swt.gtk.hpux.ia64.nl_zh" unpack="false" version="4.5.0.v20150804081228" download-size="1437" install-size="1437" />
	<plugin fragment="true" id="org.eclipse.swt.gtk.hpux.ia64_32.nl_zh" unpack="false" version="4.5.0.v20150804081228" download-size="1485" install-size="1485" />
	<plugin fragment="true" id="org.eclipse.swt.gtk.linux.ppc.nl_zh" unpack="false" version="4.5.0.v20150804081228" download-size="1436" install-size="1436" />
	<plugin fragment="true" id="org.eclipse.swt.gtk.linux.ppc64.nl_zh" unpack="false" version="4.5.0.v20150804081228" download-size="1483" install-size="1483" />
	<plugin fragment="true" id="org.eclipse.swt.gtk.linux.ppc64le.nl_zh" unpack="false" version="4.5.0.v20150804081228" download-size="1438" install-size="1438" />
	<plugin fragment="true" id="org.eclipse.swt.gtk.linux.s390.nl_zh" unpack="false" version="4.5.0.v20150804081228" download-size="1482" install-size="1482" />
	<plugin fragment="true" id="org.eclipse.swt.gtk.linux.s390x.nl_zh" unpack="false" version="4.5.0.v20150804081228" download-size="1484" install-size="1484" />
	<plugin fragment="true" id="org.eclipse.swt.gtk.linux.x86.nl_zh" unpack="false" version="4.5.0.v20150804081228" download-size="1482" install-size="1482" />
	<plugin fragment="true" id="org.eclipse.swt.gtk.linux.x86_64.nl_zh" unpack="false" version="4.5.0.v20150804081228" download-size="1486" install-size="1486" />
	<plugin fragment="true" id="org.eclipse.swt.gtk.solaris.sparc.nl_zh" unpack="false" version="4.5.0.v20150804081228" download-size="1483" install-size="1483" />
	<plugin fragment="true" id="org.eclipse.swt.gtk.solaris.x86.nl_zh" unpack="false" version="4.5.0.v20150804081228" download-size="1483" install-size="1483" />
	<plugin fragment="true" id="org.eclipse.swt.internal.accessibility.gtk.properties.nl_zh" unpack="false" version="4.5.0.v20150804081228" download-size="2099" install-size="2099" />
	<plugin fragment="true" id="org.eclipse.swt.internal.gnome.properties.nl_zh" unpack="false" version="4.5.0.v20150804081228" download-size="2017" install-size="2017" />
	<plugin fragment="true" id="org.eclipse.swt.nl_zh" unpack="false" version="4.5.0.v20150804081228" download-size="3222" install-size="3222" />
	<plugin fragment="true" id="org.eclipse.swt.opengl.examples.nl_zh" unpack="false" version="4.5.0.v20150804081228" download-size="1872" install-size="1872" />
	<plugin fragment="true" id="org.eclipse.swt.snippets.nl_zh" unpack="false" version="4.5.0.v20150804081228" download-size="1382" install-size="1382" />
	<plugin fragment="true" id="org.eclipse.swt.tools.nl_zh" unpack="false" version="4.5.0.v20150804081228" download-size="1491" install-size="1491" />
	<plugin fragment="true" id="org.eclipse.swt.win32.wce_ppc.arm.nl_zh" unpack="false" version="4.5.0.v20150804081228" download-size="1441" install-size="1441" />
	<plugin fragment="true" id="org.eclipse.swt.win32.win32.ia64.nl_zh" unpack="false" version="4.5.0.v20150804081228" download-size="1439" install-size="1439" />
	<plugin fragment="true" id="org.eclipse.swt.win32.win32.x86.nl_zh" unpack="false" version="4.5.0.v20150804081228" download-size="1481" install-size="1481" />
	<plugin fragment="true" id="org.eclipse.swt.win32.win32.x86_64.nl_zh" unpack="false" version="4.5.0.v20150804081228" download-size="1485" install-size="1485" />
	<plugin fragment="true" id="org.eclipse.team.core.nl_zh" unpack="false" version="4.5.0.v20150804081228" download-size="4853" install-size="4853" />
	<plugin fragment="true" id="org.eclipse.team.cvs.core.nl_zh" unpack="false" version="4.5.0.v20150804081228" download-size="8477" install-size="8477" />
	<plugin fragment="true" id="org.eclipse.team.cvs.ssh2.nl_zh" unpack="false" version="4.5.0.v20150804081228" download-size="3718" install-size="3718" />
	<plugin fragment="true" id="org.eclipse.team.cvs.ui.nl_zh" unpack="false" version="4.5.0.v20150804081228" download-size="28340" install-size="28340" />
	<plugin fragment="true" id="org.eclipse.team.examples.filesystem.nl_zh" unpack="false" version="4.5.0.v20150804081228" download-size="3363" install-size="3363" />
	<plugin fragment="true" id="org.eclipse.team.tests.core.nl_zh" unpack="false" version="4.5.0.v20150804081228" download-size="1385" install-size="1385" />
	<plugin fragment="true" id="org.eclipse.team.tests.cvs.core.nl_zh" unpack="false" version="4.5.0.v20150804081228" download-size="1647" install-size="1647" />
	<plugin fragment="true" id="org.eclipse.team.ui.nl_zh" unpack="false" version="4.5.0.v20150804081228" download-size="13896" install-size="13896" />
	<plugin fragment="true" id="org.eclipse.text.nl_zh" unpack="false" version="4.5.0.v20150804081228" download-size="4450" install-size="4450" />
	<plugin fragment="true" id="org.eclipse.ui.browser.nl_zh" unpack="false" version="4.5.0.v20150804081228" download-size="3726" install-size="3726" />
	<plugin fragment="true" id="org.eclipse.ui.cheatsheets.nl_zh" unpack="false" version="4.5.0.v20150804081228" download-size="6001" install-size="6001" />
	<plugin fragment="true" id="org.eclipse.ui.cocoa.nl_zh" unpack="false" version="4.5.0.v20150804081228" download-size="1461" install-size="1461" />
	<plugin fragment="true" id="org.eclipse.ui.console.nl_zh" unpack="false" version="4.5.0.v20150804081228" download-size="3617" install-size="3617" />
	<plugin fragment="true" id="org.eclipse.ui.editors.nl_zh" unpack="false" version="4.5.0.v20150804081228" download-size="14316" install-size="14316" />
	<plugin fragment="true" id="org.eclipse.ui.examples.contributions.nl_zh" unpack="false" version="4.5.0.v20150804081228" download-size="3452" install-size="3452" />
	<plugin fragment="true" id="org.eclipse.ui.examples.fieldassist.nl_zh" unpack="false" version="4.5.0.v20150804081228" download-size="3828" install-size="3828" />
	<plugin fragment="true" id="org.eclipse.ui.examples.javaeditor.nl_zh" unpack="false" version="4.5.0.v20150804081228" download-size="4220" install-size="4220" />
	<plugin fragment="true" id="org.eclipse.ui.examples.job.nl_zh" unpack="false" version="4.5.0.v20150804081228" download-size="1386" install-size="1386" />
	<plugin fragment="true" id="org.eclipse.ui.examples.multipageeditor.nl_zh" unpack="false" version="4.5.0.v20150804081228" download-size="2498" install-size="2498" />
	<plugin fragment="true" id="org.eclipse.ui.examples.navigator.nl_zh" unpack="false" version="4.5.0.v20150804081228" download-size="1433" install-size="1433" />
	<plugin fragment="true" id="org.eclipse.ui.examples.propertysheet.nl_zh" unpack="false" version="4.5.0.v20150804081228" download-size="3625" install-size="3625" />
	<plugin fragment="true" id="org.eclipse.ui.examples.rcp.browser.nl_zh" unpack="false" version="4.5.0.v20150804081228" download-size="1596" install-size="1596" />
	<plugin fragment="true" id="org.eclipse.ui.examples.readmetool.nl_zh" unpack="false" version="4.5.0.v20150804081228" download-size="4636" install-size="4636" />
	<plugin fragment="true" id="org.eclipse.ui.examples.undo.nl_zh" unpack="false" version="4.5.0.v20150804081228" download-size="2915" install-size="2915" />
	<plugin fragment="true" id="org.eclipse.ui.examples.views.properties.tabbed.article.nl_zh" unpack="false" version="4.5.0.v20150804081228" download-size="1541" install-size="1541" />
	<plugin fragment="true" id="org.eclipse.ui.examples.views.properties.tabbed.hockeyleague.nl_zh" unpack="false" version="4.5.0.v20150804081228" download-size="2494" install-size="2494" />
	<plugin fragment="true" id="org.eclipse.ui.examples.views.properties.tabbed.logic.nl_zh" unpack="false" version="4.5.0.v20150804081228" download-size="2286" install-size="2286" />
	<plugin fragment="true" id="org.eclipse.ui.externaltools.nl_zh" unpack="false" version="4.5.0.v20150804081228" download-size="9149" install-size="9149" />
	<plugin fragment="true" id="org.eclipse.ui.forms.examples.nl_zh" unpack="false" version="4.5.0.v20150804081228" download-size="1467" install-size="1467" />
	<plugin fragment="true" id="org.eclipse.ui.forms.nl_zh" unpack="false" version="4.5.0.v20150804081228" download-size="2469" install-size="2469" />
	<plugin fragment="true" id="org.eclipse.ui.ide.application.nl_zh" unpack="false" version="4.5.0.v20150804081228" download-size="1736" install-size="1736" />
	<plugin fragment="true" id="org.eclipse.ui.ide.nl_zh" unpack="false" version="4.5.0.v20150804081228" download-size="34886" install-size="34886" />
	<plugin fragment="true" id="org.eclipse.ui.images.nl_zh" unpack="false" version="4.5.0.v20150804081228" download-size="1422" install-size="1422" />
	<plugin fragment="true" id="org.eclipse.ui.intro.nl_zh" unpack="false" version="4.5.0.v20150804081228" download-size="4020" install-size="4020" />
	<plugin fragment="true" id="org.eclipse.ui.intro.universal.nl_zh" unpack="false" version="4.5.0.v20150804081228" download-size="12300" install-size="12300" />
	<plugin fragment="true" id="org.eclipse.ui.monitoring.nl_zh" unpack="false" version="4.5.0.v20150804081228" download-size="2853" install-size="2853" />
	<plugin fragment="true" id="org.eclipse.ui.navigator.nl_zh" unpack="false" version="4.5.0.v20150804081228" download-size="4275" install-size="4275" />
	<plugin fragment="true" id="org.eclipse.ui.navigator.resources.nl_zh" unpack="false" version="4.5.0.v20150804081228" download-size="3765" install-size="3765" />
	<plugin fragment="true" id="org.eclipse.ui.net.nl_zh" unpack="false" version="4.5.0.v20150804081228" download-size="2868" install-size="2868" />
	<plugin fragment="true" id="org.eclipse.ui.nl_zh" unpack="false" version="4.5.0.v20150804081228" download-size="6124" install-size="6124" />
	<plugin fragment="true" id="org.eclipse.ui.tests.navigator.nl_zh" unpack="false" version="4.5.0.v20150804081228" download-size="1520" install-size="1520" />
	<plugin fragment="true" id="org.eclipse.ui.tests.rcp.nl_zh" unpack="false" version="4.5.0.v20150804081228" download-size="1413" install-size="1413" />
	<plugin fragment="true" id="org.eclipse.ui.tests.views.properties.tabbed.nl_zh" unpack="false" version="4.5.0.v20150804081228" download-size="1543" install-size="1543" />
	<plugin fragment="true" id="org.eclipse.ui.themes.nl_zh" unpack="false" version="4.5.0.v20150804081228" download-size="1408" install-size="1408" />
	<plugin fragment="true" id="org.eclipse.ui.trace.nl_zh" unpack="false" version="4.5.0.v20150804081228" download-size="2933" install-size="2933" />
	<plugin fragment="true" id="org.eclipse.ui.views.log.nl_zh" unpack="false" version="4.5.0.v20150804081228" download-size="3909" install-size="3909" />
	<plugin fragment="true" id="org.eclipse.ui.views.nl_zh" unpack="false" version="4.5.0.v20150804081228" download-size="3343" install-size="3343" />
	<plugin fragment="true" id="org.eclipse.ui.views.properties.tabbed.nl_zh" unpack="false" version="4.5.0.v20150804081228" download-size="3217" install-size="3217" />
	<plugin fragment="true" id="org.eclipse.ui.win32.nl_zh" unpack="false" version="4.5.0.v20150804081228" download-size="2791" install-size="2791" />
	<plugin fragment="true" id="org.eclipse.ui.workbench.nl_zh" unpack="false" version="4.5.0.v20150804081228" download-size="30393" install-size="30393" />
	<plugin fragment="true" id="org.eclipse.ui.workbench.texteditor.nl_zh" unpack="false" version="4.5.0.v20150804081228" download-size="14620" install-size="14620" />
	<plugin fragment="true" id="org.eclipse.update.configurator.nl_zh" unpack="false" version="4.5.0.v20150804081228" download-size="3523" install-size="3523" />
	<plugin fragment="true" id="org.eclipse.update.core.nl_zh" unpack="false" version="4.5.0.v20150804081228" download-size="8922" install-size="8922" />
</feature>